<?xml version="1.0" ?>
<manifest identifier="Tl5R6qjDNDCItqzldKBk9_JFmsGHVldzgDLyFZcU" version="1"
  xmlns="http://www.imsproject.org/xsd/imscp_rootv1p1p2"
  xmlns:adlcp="http://www.adlnet.org/xsd/adlcp_rootv1p2"
  xmlns:xsi="http://www.w3.org/2001/XMLSchema-instance"
  xsi:schemaLocation="http://www.imsproject.org/xsd/imscp_rootv1p1p2 imscp_rootv1p1p2.xsd
                      http://www.imsglobal.org/xsd/imsmd_rootv1p2p1 imsmd_rootv1p2p1.xsd
                      http://www.adlnet.org/xsd/adlcp_rootv1p2 adlcp_rootv1p2.xsd">
  <metadata>
    <schema>ADL SCORM</schema>
    <schemaversion>1.2</schemaversion>
    <adlcp:location>metadata.xml</adlcp:location>
  </metadata>
  <organizations default="articulate_rise">
      <organization identifier="articulate_rise">
      <title>Quiz module 2 : How does Machine Learning Work?</title>
      <item identifier="i1" identifierref="r1" isvisible="true">
        <title>Quiz module 2 : How does Machine Learning Work?</title>
        <adlcp:datafromlms>eyJjcHYiOiJnREx5RlpjVSIsInJsZCI6ZmFsc2V9</adlcp:datafromlms>
      </item>
    </organization>
  </organizations>
  <resources>
    <resource identifier="r1" type="webcontent" adlcp:scormtype="sco" href="scormdriver/indexAPI.html">
      <!-- SCORMDRIVER STUFF -->
      <file href="scormdriver/LICENSE.txt" />
      <file href="scormdriver/indexAPI.html" />
      <file href="scormdriver/preloadIntegrity.js" />
      <file href="scormdriver/driverOptions.js" />
      <file href="scormdriver/AICCComm.html" />
      <file href="scormdriver/auto-scripts/AutoBookmark.js" />
      <file href="scormdriver/auto-scripts/AutoCompleteSCO.js" />
      <file href="scormdriver/auto-scripts/CourseExit.js" />
      <file href="scormdriver/blank.html" />
      <file href="scormdriver/goodbye.html" />
      <file href="scormdriver/scormdriver.js" />
      <file href="scormdriver/browsersniff.js" />

      <!-- RUNTIME COMMON STUFF -->
      <file href="scormcontent/index.html" />
      <file href="scormcontent/lib/main.bundle.js"/>

      
        <file href="scormcontent/lib/fonts/icomoon.ttf"/>
        <file href="scormcontent/lib/fonts/icomoon.woff"/>

        <file href="scormcontent/lib/icomoon.css"/>
        <file href="scormcontent/lib/main.bundle.css"/>
        <file href="scormcontent/lib/player-0.0.11.min.js"/>
        <file href="scormcontent/lib/lzwcompress.js"/>
      

      <!-- RUNTIME CONTENT STUFF -->
      <file href="scormcontent/lib/fonts/OpenSans-Light.woff" />
<file href="scormcontent/lib/fonts/OpenSans-Regular.woff" />
<file href="scormcontent/lib/fonts/OpenSans-Bold.woff" />
<file href="scormcontent/lib/fonts/OpenSans-Italic.woff" />
<file href="scormcontent/lib/fonts/Lato-Light.woff" />
<file href="scormcontent/lib/fonts/Lato-Regular.woff" />
<file href="scormcontent/lib/fonts/Lato-Bold.woff" />
<file href="scormcontent/lib/fonts/Lato-Italic.woff" />
<file href="scormcontent/lib/fonts/Lato-Black.woff" />
<file href="scormcontent/assets/4enE4Sbkc2Xe11Jf_small.png" />
<file href="scormcontent/assets/NjtozDkidojaqRC4_V7xTp5ptbilN69y2.png" />
<file href="scormcontent/assets/4-wo74zEyvtikq_Q_qm7ovFIibcIlMSN5.jpg" />
<file href="scormcontent/assets/EEn1ESjxKnBSs6IO_gXhDCIXajAnpuBjH.jpg" />
<file href="scormcontent/assets/7J6Zu4Yq8a-vAqeN_Cnrroz-gtoc-Q-Jj.jpg" />
<file href="scormcontent/assets/gsePRBL34FnuC9HC_RNtBXFnHPl9i-oMW.jpg" />
<file href="scormcontent/assets/7SAw86pxW3rB8KrX_hKNiNKW2ckPNmzJj.jpg" />
<file href="scormcontent/assets/GuDBkagmqEVSLHOP_kn2dRTH3ba7spwZb.jpg" />
<file href="scormcontent/assets/hP5WVWtRFNpg-5uc_OE65veyiaa11x-Ha.jpg" />

    </resource>
  </resources>
</manifest>
