﻿<?xml version="1.0" encoding="utf-8"?>
<manifest identifier="_6E9ngk3CtXC" version="1.0" xmlns="http://www.imsproject.org/xsd/imscp_rootv1p1p2" xmlns:adlcp="http://www.adlnet.org/xsd/adlcp_rootv1p2" xmlns:xsi="http://www.w3.org/2001/XMLSchema-instance" xsi:schemaLocation="http://www.imsproject.org/xsd/imscp_rootv1p1p2 imscp_rootv1p1p2.xsd http://www.imsglobal.org/xsd/imsmd_rootv1p2p1 imsmd_rootv1p2p1.xsd http://www.adlnet.org/xsd/adlcp_rootv1p2 adlcp_rootv1p2.xsd">
  <metadata>
    <schema>ADL SCORM</schema>
    <schemaversion>1.2</schemaversion>
    <lom xmlns="http://www.imsglobal.org/xsd/imsmd_rootv1p2p1" xmlns:xsi="http://www.w3.org/2001/XMLSchema-instance" xsi:schemaLocation="http://www.imsglobal.org/xsd/imsmd_rootv1p2p1 imsmd_rootv1p2p1.xsd">
      <general>
        <title>
          <langstring xml:lang="x-none">1-2-1-activity-AI-based-tools-FR.OK</langstring>
        </title>
      </general>
      <lifecycle>
        <version>
          <langstring xml:lang="x-none">1</langstring>
        </version>
        <status>
          <source>
            <langstring xml:lang="x-none">LOMv1.0</langstring>
          </source>
          <value>
            <langstring xml:lang="x-none">Final</langstring>
          </value>
        </status>
      </lifecycle>
      <metametadata>
        <metadatascheme>ADL SCORM 1.2</metadatascheme>
      </metametadata>
      <educational>
        <typicallearningtime>
          <datetime>PT0H0M0S</datetime>
        </typicallearningtime>
      </educational>
      <rights>
        <cost>
          <source>
            <langstring xml:lang="x-none">LOMv1.0</langstring>
          </source>
          <value>
            <langstring xml:lang="x-none">yes</langstring>
          </value>
        </cost>
        <copyrightandotherrestrictions>
          <source>
            <langstring xml:lang="x-none">LOMv1.0</langstring>
          </source>
          <value>
            <langstring xml:lang="x-none">yes</langstring>
          </value>
        </copyrightandotherrestrictions>
      </rights>
    </lom>
  </metadata>
  <organizations default="1-2-1-activity-AI-based-tools-FR.OK_ORG">
    <organization identifier="1-2-1-activity-AI-based-tools-FR.OK_ORG">
      <title>1-2-1-activity-AI-based-tools-FR.OK</title>
      <item identifier="To_begin_with_…_SCO" isvisible="true" identifierref="__6E9ngk3CtXC_RES">
        <title>1-2-1-activity-AI-based-tools-FR.OK</title>
      </item>
    </organization>
  </organizations>
  <resources>
    <resource identifier="__6E9ngk3CtXC_RES" type="webcontent" href="index_lms.html" adlcp:scormtype="sco">
      <file href="story_content/thumbnail.jpg" />
      <file href="mobile/6oqujMqAcXh_X_80_DX284_DY284_CX213_CY72.png" />
      <file href="story_content/6AYSGh1HVCJ.js" />
      <file href="mobile/5qxiIN8iltJ_80_DX682_DY682_CX511_CY369.png" />
      <file href="mobile/6oqujMqAcXh_X_80_DX412_DY412_CX244_CY82.png" />
      <file href="mobile/5drL4GX3vqL_80_DX82_DY82_CX41_CY39.png" />
      <file href="mobile/6Me567MMdl5_80_DX100_DY100_CX75_CY72.png" />
      <file href="mobile/5h6JZbei51M_80_DX174_DY174_CX129_CY46.png" />
      <file href="mobile/67VGhg3SOEu_80_DX230_DY230_CX164_CY68.png" />
      <file href="meta.xml" />
      <file href="story_content/user.js" />
      <file href="mobile/Shape62jqRGDm5SZ.png" />
      <file href="mobile/Shape5yFNVZhg6Yb.png" />
      <file href="mobile/Shape6FLG2prED5S.png" />
      <file href="html5/lib/scripts/slides.min.js" />
      <file href="html5/lib/scripts/frame.mobile.min.js" />
      <file href="html5/lib/scripts/bootstrapper.min.js" />
      <file href="html5/lib/scripts/frame.desktop.min.js" />
      <file href="html5/lib/stylesheets/mobile.min.css" />
      <file href="html5/lib/stylesheets/desktop.min.css" />
      <file href="html5/lib/stylesheets/mobile-fonts/open-sans-light.woff" />
      <file href="html5/lib/stylesheets/mobile-fonts/open-sans-bold.woff" />
      <file href="html5/lib/stylesheets/mobile-fonts/open-sans-regular.woff" />
      <file href="html5/data/css/output.min.css" />
      <file href="html5/data/js/68P1m1qADn0.js" />
      <file href="html5/data/js/paths.js" />
      <file href="html5/data/js/5ujdGf67IyV.js" />
      <file href="html5/data/js/5gR0o7vKpRM.js" />
      <file href="html5/data/js/5jlP5RTRLub.js" />
      <file href="html5/data/js/data.js" />
      <file href="html5/data/js/frame.js" />
      <file href="html5/data/js/5lL0K7aIqr9.js" />
      <file href="analytics-frame.html" />
      <file href="story.html" />
      <file href="index_lms.html" />
      <file href="lms/AICCComm.html" />
      <file href="lms/blank.html" />
      <file href="lms/browsersniff.js" />
      <file href="lms/goodbye.html" />
      <file href="lms/scormdriver.js" />
    </resource>
  </resources>
</manifest>